"Project","ScanDate","DependencyName","DependencyPath","Description","License","Md5","Sha1","Identifiers","CPE","CVE","CWE","Vulnerability","Source","CVSSv2_Severity","CVSSv2_Score","CVSSv2","CVSSv3_BaseSeverity","CVSSv3_BaseScore","CVSSv3","CPE Confidence","Evidence Count","VendorProject","Product","Name","DateAdded","ShortDescription","RequiredAction","DueDate","Notes"
dependency-check scan: D:\github\tbo_task2\Java\spring-thymeleaf-crud-example,"Wed, 22 Nov 2023 11:00:58 GMT",ajv:6.10.2,/src/src/main/resources/static/vendors/jquery-mask/package-lock.json?ajv,"","","","",pkg:npm/ajv@6.10.2,"",CVE-2020-15366,CWE-1321 Improperly Controlled Modification of Object Prototype Attributes ('Prototype Pollution'),"An issue was discovered in ajv.validate() in Ajv (aka Another JSON Schema Validator) 6.12.2. A carefully crafted JSON schema could be provided that allows execution of other code by prototype pollution. (While untrusted schemas are recommended against, the worst case of an untrusted schema should be a denial of service, not execution of code.)  Sonatype's research suggests that this CVE's details differ from those defined at NVD. See https://ossindex.sonatype.org/vulnerability/CVE-2020-15366 for details",OSSINDEX,"","","",MEDIUM,5.6,CVSS:3.1/AV:N/AC:H/PR:N/UI:N/S:U/C:L/I:L/A:L,HIGHEST,3,"","","","","","","",""
dependency-check scan: D:\github\tbo_task2\Java\spring-thymeleaf-crud-example,"Wed, 22 Nov 2023 11:00:58 GMT",ajv:6.10.2,/src/src/main/resources/static/vendors/jquery-mask/package-lock.json?ajv,"","","","",pkg:npm/ajv@6.10.2,"",GHSA-v88g-cgmw-v5xw,"CWE-1321 Improperly Controlled Modification of Object Prototype Attributes ('Prototype Pollution'), CWE-915 Improperly Controlled Modification of Dynamically-Determined Object Attributes","An issue was discovered in ajv.validate() in Ajv (aka Another JSON Schema Validator) 6.12.2. A carefully crafted JSON schema could be provided that allows execution of other code by prototype pollution. (While untrusted schemas are recommended against, the worst case of an untrusted schema should be a denial of service, not execution of code.)",NPM,"","","",MEDIUM,5.6,CVSS:3.1/AV:N/AC:H/PR:N/UI:N/S:U/C:L/I:L/A:L,HIGHEST,3,"","","","","","","",""
dependency-check scan: D:\github\tbo_task2\Java\spring-thymeleaf-crud-example,"Wed, 22 Nov 2023 11:00:58 GMT",debug:3.2.6,/src/src/main/resources/static/vendors/jquery-mask/package-lock.json?debug,"","","","",pkg:npm/debug@3.2.6,"",GHSA-gxpj-cx7g-858c,CWE-400 Uncontrolled Resource Consumption,"Affected versions of `debug` are vulnerable to regular expression denial of service when untrusted user input is passed into the `o` formatter.   As it takes 50,000 characters to block the event loop for 2 seconds, this issue is a low severity issue.  This was later re-introduced in version v3.2.0, and then repatched in versions 3.2.7 and 4.3.1.  ## Recommendation  Version 2.x.x: Update to version 2.6.9 or later. Version 3.1.x: Update to version 3.1.0 or later. Version 3.2.x: Update to version 3.2.7 or later. Version 4.x.x: Update to version 4.3.1 or later.",NPM,"","","",MEDIUM,5.3,CVSS:3.0/AV:N/AC:L/PR:N/UI:N/S:U/C:N/I:N/A:L,HIGHEST,3,"","","","","","","",""
dependency-check scan: D:\github\tbo_task2\Java\spring-thymeleaf-crud-example,"Wed, 22 Nov 2023 11:00:58 GMT",debug:4.1.1,/src/src/main/resources/static/vendors/jquery-mask/package-lock.json?debug,"","","","",pkg:npm/debug@4.1.1,"",GHSA-gxpj-cx7g-858c,CWE-400 Uncontrolled Resource Consumption,"Affected versions of `debug` are vulnerable to regular expression denial of service when untrusted user input is passed into the `o` formatter.   As it takes 50,000 characters to block the event loop for 2 seconds, this issue is a low severity issue.  This was later re-introduced in version v3.2.0, and then repatched in versions 3.2.7 and 4.3.1.  ## Recommendation  Version 2.x.x: Update to version 2.6.9 or later. Version 3.1.x: Update to version 3.1.0 or later. Version 3.2.x: Update to version 3.2.7 or later. Version 4.x.x: Update to version 4.3.1 or later.",NPM,"","","",MEDIUM,5.3,CVSS:3.0/AV:N/AC:L/PR:N/UI:N/S:U/C:N/I:N/A:L,HIGHEST,3,"","","","","","","",""
dependency-check scan: D:\github\tbo_task2\Java\spring-thymeleaf-crud-example,"Wed, 22 Nov 2023 11:00:58 GMT",getobject:0.1.0,/src/src/main/resources/static/vendors/jquery-mask/package-lock.json?getobject,"","","","",pkg:npm/getobject@0.1.0,"",CVE-2020-28282,CWE-471 Modification of Assumed-Immutable Data (MAID),Prototype pollution vulnerability in 'getobject' version 0.1.0 allows an attacker to cause a denial of service and may lead to remote code execution.,OSSINDEX,"","","",CRITICAL,9.8,CVSS:3.1/AV:N/AC:L/PR:N/UI:N/S:U/C:H/I:H/A:H,HIGHEST,3,"","","","","","","",""
dependency-check scan: D:\github\tbo_task2\Java\spring-thymeleaf-crud-example,"Wed, 22 Nov 2023 11:00:58 GMT",getobject:0.1.0,/src/src/main/resources/static/vendors/jquery-mask/package-lock.json?getobject,"","","","",pkg:npm/getobject@0.1.0,"",GHSA-957j-59c2-j692,CWE-1321 Improperly Controlled Modification of Object Prototype Attributes ('Prototype Pollution'),Prototype pollution vulnerability in 'getobject' version 0.1.0 allows an attacker to cause a denial of service and may lead to remote code execution.,NPM,"","","",CRITICAL,9.8,CVSS:3.1/AV:N/AC:L/PR:N/UI:N/S:U/C:H/I:H/A:H,HIGHEST,3,"","","","","","","",""
dependency-check scan: D:\github\tbo_task2\Java\spring-thymeleaf-crud-example,"Wed, 22 Nov 2023 11:00:58 GMT",grunt:1.0.4,/src/src/main/resources/static/vendors/jquery-mask/package-lock.json?grunt,"","","","",pkg:npm/grunt@1.0.4,"",CVE-2020-7729,CWE-94 Improper Control of Generation of Code ('Code Injection'),"grunt - [ CVE-2020-7729 ] Code Injection via unsafe `YAML.load()` functionality  The software constructs all or part of a code segment using externally-influenced input from an upstream component, but it does not neutralize or incorrectly neutralizes special elements that could modify the syntax or behavior of the intended code segment.",OSSINDEX,"","","",HIGH,7.1,CVSS:3.1/AV:N/AC:H/PR:L/UI:R/S:U/C:H/I:H/A:H,HIGHEST,3,"","","","","","","",""
dependency-check scan: D:\github\tbo_task2\Java\spring-thymeleaf-crud-example,"Wed, 22 Nov 2023 11:00:58 GMT",grunt:1.0.4,/src/src/main/resources/static/vendors/jquery-mask/package-lock.json?grunt,"","","","",pkg:npm/grunt@1.0.4,"",GHSA-m5pj-vjjf-4m3h,CWE-1188 Insecure Default Initialization of Resource,The package grunt before 1.3.0 are vulnerable to Arbitrary Code Execution due to the default usage of the function load() instead of its secure replacement safeLoad() of the package js-yaml inside grunt.file.readYAML.,NPM,"","","",HIGH,7.1,CVSS:3.1/AV:N/AC:H/PR:L/UI:R/S:U/C:H/I:H/A:H,HIGHEST,3,"","","","","","","",""
dependency-check scan: D:\github\tbo_task2\Java\spring-thymeleaf-crud-example,"Wed, 22 Nov 2023 11:00:58 GMT",grunt:1.0.4,/src/src/main/resources/static/vendors/jquery-mask/package-lock.json?grunt,"","","","",pkg:npm/grunt@1.0.4,"",CVE-2022-1537,CWE-367 Time-of-check Time-of-use (TOCTOU) Race Condition,file.copy operations in GruntJS are vulnerable to a TOCTOU race condition leading to arbitrary file write in GitHub repository gruntjs/grunt prior to 1.5.3. This vulnerability is capable of arbitrary file writes which can lead to local privilege escalation to the GruntJS user if a lower-privileged user has write access to both source and destination directories as the lower-privileged user can create a symlink to the GruntJS user's .bashrc file or replace /etc/shadow file if the GruntJS user is root.  Sonatype's research suggests that this CVE's details differ from those defined at NVD. See https://ossindex.sonatype.org/vulnerability/CVE-2022-1537 for details,OSSINDEX,"","","",HIGH,7.0,CVSS:3.1/AV:L/AC:H/PR:L/UI:N/S:U/C:H/I:H/A:H,HIGHEST,3,"","","","","","","",""
dependency-check scan: D:\github\tbo_task2\Java\spring-thymeleaf-crud-example,"Wed, 22 Nov 2023 11:00:58 GMT",grunt:1.0.4,/src/src/main/resources/static/vendors/jquery-mask/package-lock.json?grunt,"","","","",pkg:npm/grunt@1.0.4,"",GHSA-rm36-94g8-835r,CWE-367 Time-of-check Time-of-use (TOCTOU) Race Condition,file.copy operations in GruntJS are vulnerable to a TOCTOU race condition leading to arbitrary file write in GitHub repository gruntjs/grunt prior to 1.5.3. This vulnerability is capable of arbitrary file writes which can lead to local privilege escalation to the GruntJS user if a lower-privileged user has write access to both source and destination directories as the lower-privileged user can create a symlink to the GruntJS user's .bashrc file or replace /etc/shadow file if the GruntJS user is root.,NPM,"","","",HIGH,7.0,CVSS:3.1/AV:L/AC:H/PR:L/UI:N/S:U/C:H/I:H/A:H,HIGHEST,3,"","","","","","","",""
dependency-check scan: D:\github\tbo_task2\Java\spring-thymeleaf-crud-example,"Wed, 22 Nov 2023 11:00:58 GMT",grunt:1.0.4,/src/src/main/resources/static/vendors/jquery-mask/package-lock.json?grunt,"","","","",pkg:npm/grunt@1.0.4,"",CVE-2022-0436,CWE-22 Improper Limitation of a Pathname to a Restricted Directory ('Path Traversal'),Path Traversal in GitHub repository gruntjs/grunt prior to 1.5.2.,OSSINDEX,"","","",MEDIUM,5.5,CVSS:3.1/AV:L/AC:L/PR:L/UI:N/S:U/C:H/I:N/A:N,HIGHEST,3,"","","","","","","",""
dependency-check scan: D:\github\tbo_task2\Java\spring-thymeleaf-crud-example,"Wed, 22 Nov 2023 11:00:58 GMT",grunt:1.0.4,/src/src/main/resources/static/vendors/jquery-mask/package-lock.json?grunt,"","","","",pkg:npm/grunt@1.0.4,"",GHSA-j383-35pm-c5h4,CWE-22 Improper Limitation of a Pathname to a Restricted Directory ('Path Traversal'),Grunt prior to version 1.5.2 is vulnerable to path traversal.,NPM,"","","",MEDIUM,5.5,CVSS:3.1/AV:L/AC:L/PR:L/UI:N/S:U/C:H/I:N/A:N,HIGHEST,3,"","","","","","","",""
dependency-check scan: D:\github\tbo_task2\Java\spring-thymeleaf-crud-example,"Wed, 22 Nov 2023 11:00:58 GMT",hosted-git-info:2.5.0,/src/src/main/resources/static/vendors/jquery-mask/package-lock.json?hosted-git-info,"","","","",pkg:npm/hosted-git-info@2.5.0,"",CVE-2021-23362,CWE-1333 Inefficient Regular Expression Complexity,The package hosted-git-info before 3.0.8 are vulnerable to Regular Expression Denial of Service (ReDoS) via regular expression shortcutMatch in the fromUrl function in index.js. The affected regular expression exhibits polynomial worst-case time complexity.  Sonatype's research suggests that this CVE's details differ from those defined at NVD. See https://ossindex.sonatype.org/vulnerability/CVE-2021-23362 for details,OSSINDEX,"","","",MEDIUM,5.3,CVSS:3.1/AV:N/AC:L/PR:N/UI:N/S:U/C:N/I:N/A:L,HIGHEST,3,"","","","","","","",""
dependency-check scan: D:\github\tbo_task2\Java\spring-thymeleaf-crud-example,"Wed, 22 Nov 2023 11:00:58 GMT",hosted-git-info:2.5.0,/src/src/main/resources/static/vendors/jquery-mask/package-lock.json?hosted-git-info,"","","","",pkg:npm/hosted-git-info@2.5.0,"",GHSA-43f8-2h32-f4cj,CWE-400 Uncontrolled Resource Consumption,The npm package `hosted-git-info` before 3.0.8 are vulnerable to Regular Expression Denial of Service (ReDoS) via regular expression shortcutMatch in the fromUrl function in index.js. The affected regular expression exhibits polynomial worst-case time complexity,NPM,"","","",MEDIUM,5.3,CVSS:3.1/AV:N/AC:L/PR:N/UI:N/S:U/C:N/I:N/A:L,HIGHEST,3,"","","","","","","",""
dependency-check scan: D:\github\tbo_task2\Java\spring-thymeleaf-crud-example,"Wed, 22 Nov 2023 11:00:58 GMT",https-proxy-agent:2.2.2,/src/src/main/resources/static/vendors/jquery-mask/package-lock.json?https-proxy-agent,"","","","",pkg:npm/https-proxy-agent@2.2.2,"",GHSA-pc5p-h8pf-mvwp,CWE-300 Channel Accessible by Non-Endpoint,"Versions of `https-proxy-agent` prior to 2.2.3 are vulnerable to Machine-In-The-Middle. The package fails to enforce TLS on the socket if the proxy server responds the to the request with a HTTP status different than 200. This allows an attacker with access to the proxy server to intercept unencrypted communications, which may include sensitive information such as credentials.   ## Recommendation  Upgrade to version 3.0.0 or 2.2.3.",NPM,"","","",MEDIUM,6.1,CVSS:3.1/AV:A/AC:H/PR:N/UI:N/S:C/C:H/I:N/A:N,HIGHEST,3,"","","","","","","",""
dependency-check scan: D:\github\tbo_task2\Java\spring-thymeleaf-crud-example,"Wed, 22 Nov 2023 11:00:58 GMT",json-schema:0.2.3,/src/src/main/resources/static/vendors/jquery-mask/package-lock.json?json-schema,"","","","",pkg:npm/json-schema@0.2.3,"",CVE-2021-3918,CWE-1321 Improperly Controlled Modification of Object Prototype Attributes ('Prototype Pollution'),json-schema is vulnerable to Improperly Controlled Modification of Object Prototype Attributes ('Prototype Pollution'),OSSINDEX,"","","",CRITICAL,9.8,CVSS:3.1/AV:N/AC:L/PR:N/UI:N/S:U/C:H/I:H/A:H,HIGHEST,3,"","","","","","","",""
dependency-check scan: D:\github\tbo_task2\Java\spring-thymeleaf-crud-example,"Wed, 22 Nov 2023 11:00:58 GMT",json-schema:0.2.3,/src/src/main/resources/static/vendors/jquery-mask/package-lock.json?json-schema,"","","","",pkg:npm/json-schema@0.2.3,"",GHSA-896r-f27r-55mw,"CWE-1321 Improperly Controlled Modification of Object Prototype Attributes ('Prototype Pollution'), CWE-915 Improperly Controlled Modification of Dynamically-Determined Object Attributes",json-schema before version 0.4.0 is vulnerable to Improperly Controlled Modification of Object Prototype Attributes ('Prototype Pollution').,NPM,"","","",CRITICAL,9.8,CVSS:3.1/AV:N/AC:L/PR:N/UI:N/S:U/C:H/I:H/A:H,HIGHEST,3,"","","","","","","",""
dependency-check scan: D:\github\tbo_task2\Java\spring-thymeleaf-crud-example,"Wed, 22 Nov 2023 11:00:58 GMT",lodash:4.17.15,/src/src/main/resources/static/vendors/jquery-mask/package-lock.json?lodash,"","","","",pkg:npm/lodash@4.17.15,"",CVE-2020-8203,CWE-471 Modification of Assumed-Immutable Data (MAID),lodash - Prototype Pollution [ CVE-2020-8203 ]   The software does not properly protect an assumed-immutable element from being modified by an attacker.  Sonatype's research suggests that this CVE's details differ from those defined at NVD. See https://ossindex.sonatype.org/vulnerability/CVE-2020-8203 for details,OSSINDEX,"","","",HIGH,7.5,CVSS:3.1/AV:N/AC:L/PR:N/UI:N/S:U/C:N/I:H/A:N,HIGHEST,3,"","","","","","","",""
dependency-check scan: D:\github\tbo_task2\Java\spring-thymeleaf-crud-example,"Wed, 22 Nov 2023 11:00:58 GMT",lodash:4.17.15,/src/src/main/resources/static/vendors/jquery-mask/package-lock.json?lodash,"","","","",pkg:npm/lodash@4.17.15,"",GHSA-p6mc-m468-83gw,"CWE-1321 Improperly Controlled Modification of Object Prototype Attributes ('Prototype Pollution'), CWE-770 Allocation of Resources Without Limits or Throttling","Versions of lodash prior to 4.17.19 are vulnerable to Prototype Pollution. The functions `pick`, `set`, `setWith`, `update`, `updateWith`, and `zipObjectDeep` allow a malicious user to modify the prototype of Object if the property identifiers are user-supplied. Being affected by this issue requires manipulating objects based on user-provided property values or arrays.  This vulnerability causes the addition or modification of an existing property that will exist on all objects and may lead to Denial of Service or Code Execution under specific circumstances.",NPM,"","","",HIGH,7.4,CVSS:3.1/AV:N/AC:H/PR:N/UI:N/S:U/C:N/I:H/A:H,HIGHEST,3,"","","","","","","",""
dependency-check scan: D:\github\tbo_task2\Java\spring-thymeleaf-crud-example,"Wed, 22 Nov 2023 11:00:58 GMT",lodash:4.17.15,/src/src/main/resources/static/vendors/jquery-mask/package-lock.json?lodash,"","","","",pkg:npm/lodash@4.17.15,"",CVE-2021-23337,CWE-94 Improper Control of Generation of Code ('Code Injection'),Lodash versions prior to 4.17.21 are vulnerable to Command Injection via the template function.,OSSINDEX,"","","",HIGH,7.2,CVSS:3.1/AV:N/AC:L/PR:H/UI:N/S:U/C:H/I:H/A:H,HIGHEST,3,"","","","","","","",""
dependency-check scan: D:\github\tbo_task2\Java\spring-thymeleaf-crud-example,"Wed, 22 Nov 2023 11:00:58 GMT",lodash:4.17.15,/src/src/main/resources/static/vendors/jquery-mask/package-lock.json?lodash,"","","","",pkg:npm/lodash@4.17.15,"",GHSA-35jh-r3h4-6jhm,"CWE-77 Improper Neutralization of Special Elements used in a Command ('Command Injection'), CWE-94 Improper Control of Generation of Code ('Code Injection')",`lodash` versions prior to 4.17.21 are vulnerable to Command Injection via the template function.,NPM,"","","",HIGH,7.2,CVSS:3.1/AV:N/AC:L/PR:H/UI:N/S:U/C:H/I:H/A:H,HIGHEST,3,"","","","","","","",""
dependency-check scan: D:\github\tbo_task2\Java\spring-thymeleaf-crud-example,"Wed, 22 Nov 2023 11:00:58 GMT",lodash:4.17.15,/src/src/main/resources/static/vendors/jquery-mask/package-lock.json?lodash,"","","","",pkg:npm/lodash@4.17.15,"",CVE-2020-28500,CWE-400 Uncontrolled Resource Consumption,"Lodash versions prior to 4.17.21 are vulnerable to Regular Expression Denial of Service (ReDoS) via the toNumber, trim and trimEnd functions.  Sonatype's research suggests that this CVE's details differ from those defined at NVD. See https://ossindex.sonatype.org/vulnerability/CVE-2020-28500 for details",OSSINDEX,"","","",MEDIUM,5.3,CVSS:3.1/AV:N/AC:L/PR:N/UI:N/S:U/C:N/I:N/A:L,HIGHEST,3,"","","","","","","",""
dependency-check scan: D:\github\tbo_task2\Java\spring-thymeleaf-crud-example,"Wed, 22 Nov 2023 11:00:58 GMT",lodash:4.17.15,/src/src/main/resources/static/vendors/jquery-mask/package-lock.json?lodash,"","","","",pkg:npm/lodash@4.17.15,"",GHSA-29mw-wpgm-hmr9,"CWE-400 Uncontrolled Resource Consumption, CWE-1333 Inefficient Regular Expression Complexity","All versions of package lodash prior to 4.17.21 are vulnerable to Regular Expression Denial of Service (ReDoS) via the `toNumber`, `trim` and `trimEnd` functions.   Steps to reproduce (provided by reporter Liyuan Chen): ```js var lo = require('lodash');  function build_blank(n) {     var ret = ""1""     for (var i = 0; i < n; i++) {         ret += "" ""     }     return ret + ""1""; } var s = build_blank(50000) var time0 = Date.now(); lo.trim(s)  var time_cost0 = Date.now() - time0; console.log(""time_cost0: "" + time_cost0); var time1 = Date.now(); lo.toNumber(s) var time_cost1 = Date.now() - time1; console.log(""time_cost1: "" + time_cost1); var time2 = Date.now(); lo.trimEnd(s); var time_cost2 = Date.now() - time2; console.log(""time_cost2: "" + time_cost2); ```",NPM,"","","",MEDIUM,5.3,CVSS:3.1/AV:N/AC:L/PR:N/UI:N/S:U/C:N/I:N/A:L,HIGHEST,3,"","","","","","","",""
dependency-check scan: D:\github\tbo_task2\Java\spring-thymeleaf-crud-example,"Wed, 22 Nov 2023 11:00:58 GMT",minimatch:3.0.4,/src/src/main/resources/static/vendors/jquery-mask/package-lock.json?minimatch,"","","","",pkg:npm/minimatch@3.0.4,"",GHSA-f8q6-p94x-37v3,"CWE-400 Uncontrolled Resource Consumption, CWE-1333 Inefficient Regular Expression Complexity","A vulnerability was found in the minimatch package. This flaw allows a Regular Expression Denial of Service (ReDoS) when calling the braceExpand function with specific arguments, resulting in a Denial of Service.",NPM,"","","",HIGH,7.5,CVSS:3.1/AV:N/AC:L/PR:N/UI:N/S:U/C:N/I:N/A:H,HIGHEST,3,"","","","","","","",""
dependency-check scan: D:\github\tbo_task2\Java\spring-thymeleaf-crud-example,"Wed, 22 Nov 2023 11:00:58 GMT",minimist:0.0.8,/src/src/main/resources/static/vendors/jquery-mask/package-lock.json?minimist,"","","","",pkg:npm/minimist@0.0.8,"",GHSA-xvch-5gv4-984h,CWE-1321 Improperly Controlled Modification of Object Prototype Attributes ('Prototype Pollution'),"Minimist prior to 1.2.6 and 0.2.4 is vulnerable to Prototype Pollution via file `index.js`, function `setKey()` (lines 69-95).",NPM,"","","",CRITICAL,9.8,CVSS:3.1/AV:N/AC:L/PR:N/UI:N/S:U/C:H/I:H/A:H,HIGHEST,3,"","","","","","","",""
dependency-check scan: D:\github\tbo_task2\Java\spring-thymeleaf-crud-example,"Wed, 22 Nov 2023 11:00:58 GMT",minimist:0.0.8,/src/src/main/resources/static/vendors/jquery-mask/package-lock.json?minimist,"","","","",pkg:npm/minimist@0.0.8,"",CVE-2020-7598,CWE-1321 Improperly Controlled Modification of Object Prototype Attributes ('Prototype Pollution'),"minimist before 1.2.2 could be tricked into adding or modifying properties of Object.prototype using a ""constructor"" or ""__proto__"" payload.  Sonatype's research suggests that this CVE's details differ from those defined at NVD. See https://ossindex.sonatype.org/vulnerability/CVE-2020-7598 for details",OSSINDEX,"","","",MEDIUM,5.6,CVSS:3.1/AV:N/AC:H/PR:N/UI:N/S:U/C:L/I:L/A:L,HIGHEST,3,"","","","","","","",""
dependency-check scan: D:\github\tbo_task2\Java\spring-thymeleaf-crud-example,"Wed, 22 Nov 2023 11:00:58 GMT",minimist:0.0.8,/src/src/main/resources/static/vendors/jquery-mask/package-lock.json?minimist,"","","","",pkg:npm/minimist@0.0.8,"",GHSA-vh95-rmgr-6w4m,CWE-1321 Improperly Controlled Modification of Object Prototype Attributes ('Prototype Pollution'),"Affected versions of `minimist` are vulnerable to prototype pollution. Arguments are not properly sanitized, allowing an attacker to modify the prototype of `Object`, causing the addition or modification of an existing property that will exist on all objects.   Parsing the argument `--__proto__.y=Polluted` adds a `y` property with value `Polluted` to all objects. The argument `--__proto__=Polluted` raises and uncaught error and crashes the application.   This is exploitable if attackers have control over the arguments being passed to `minimist`.    ## Recommendation  Upgrade to versions 0.2.1, 1.2.3 or later.",NPM,"","","",MEDIUM,5.6,CVSS:3.1/AV:N/AC:H/PR:N/UI:N/S:U/C:L/I:L/A:L,HIGHEST,3,"","","","","","","",""
dependency-check scan: D:\github\tbo_task2\Java\spring-thymeleaf-crud-example,"Wed, 22 Nov 2023 11:00:58 GMT",minimist:1.2.0,/src/src/main/resources/static/vendors/jquery-mask/package-lock.json?minimist,"","","","",pkg:npm/minimist@1.2.0,"",GHSA-xvch-5gv4-984h,CWE-1321 Improperly Controlled Modification of Object Prototype Attributes ('Prototype Pollution'),"Minimist prior to 1.2.6 and 0.2.4 is vulnerable to Prototype Pollution via file `index.js`, function `setKey()` (lines 69-95).",NPM,"","","",CRITICAL,9.8,CVSS:3.1/AV:N/AC:L/PR:N/UI:N/S:U/C:H/I:H/A:H,HIGHEST,3,"","","","","","","",""
dependency-check scan: D:\github\tbo_task2\Java\spring-thymeleaf-crud-example,"Wed, 22 Nov 2023 11:00:58 GMT",minimist:1.2.0,/src/src/main/resources/static/vendors/jquery-mask/package-lock.json?minimist,"","","","",pkg:npm/minimist@1.2.0,"",CVE-2020-7598,CWE-1321 Improperly Controlled Modification of Object Prototype Attributes ('Prototype Pollution'),"minimist before 1.2.2 could be tricked into adding or modifying properties of Object.prototype using a ""constructor"" or ""__proto__"" payload.  Sonatype's research suggests that this CVE's details differ from those defined at NVD. See https://ossindex.sonatype.org/vulnerability/CVE-2020-7598 for details",OSSINDEX,"","","",MEDIUM,5.6,CVSS:3.1/AV:N/AC:H/PR:N/UI:N/S:U/C:L/I:L/A:L,HIGHEST,3,"","","","","","","",""
dependency-check scan: D:\github\tbo_task2\Java\spring-thymeleaf-crud-example,"Wed, 22 Nov 2023 11:00:58 GMT",minimist:1.2.0,/src/src/main/resources/static/vendors/jquery-mask/package-lock.json?minimist,"","","","",pkg:npm/minimist@1.2.0,"",GHSA-vh95-rmgr-6w4m,CWE-1321 Improperly Controlled Modification of Object Prototype Attributes ('Prototype Pollution'),"Affected versions of `minimist` are vulnerable to prototype pollution. Arguments are not properly sanitized, allowing an attacker to modify the prototype of `Object`, causing the addition or modification of an existing property that will exist on all objects.   Parsing the argument `--__proto__.y=Polluted` adds a `y` property with value `Polluted` to all objects. The argument `--__proto__=Polluted` raises and uncaught error and crashes the application.   This is exploitable if attackers have control over the arguments being passed to `minimist`.    ## Recommendation  Upgrade to versions 0.2.1, 1.2.3 or later.",NPM,"","","",MEDIUM,5.6,CVSS:3.1/AV:N/AC:H/PR:N/UI:N/S:U/C:L/I:L/A:L,HIGHEST,3,"","","","","","","",""
dependency-check scan: D:\github\tbo_task2\Java\spring-thymeleaf-crud-example,"Wed, 22 Nov 2023 11:00:58 GMT",qs:6.5.2,/src/src/main/resources/static/vendors/jquery-mask/package-lock.json?qs,"","","","",pkg:npm/qs@6.5.2,"",CVE-2022-24999,CWE-1321 Improperly Controlled Modification of Object Prototype Attributes ('Prototype Pollution'),"qs before 6.10.3, as used in Express before 4.17.3 and other products, allows attackers to cause a Node process hang for an Express application because an __ proto__ key can be used. In many typical Express use cases, an unauthenticated remote attacker can place the attack payload in the query string of the URL that is used to visit the application, such as a[__proto__]=b&a[__proto__]&a[length]=100000000. The fix was backported to qs 6.9.7, 6.8.3, 6.7.3, 6.6.1, 6.5.3, 6.4.1, 6.3.3, and 6.2.4 (and therefore Express 4.17.3, which has ""deps: qs@6.9.7"" in its release description, is not vulnerable).  Sonatype's research suggests that this CVE's details differ from those defined at NVD. See https://ossindex.sonatype.org/vulnerability/CVE-2022-24999 for details",OSSINDEX,"","","",HIGH,7.5,CVSS:3.1/AV:N/AC:L/PR:N/UI:N/S:U/C:N/I:N/A:H,HIGHEST,3,"","","","","","","",""
dependency-check scan: D:\github\tbo_task2\Java\spring-thymeleaf-crud-example,"Wed, 22 Nov 2023 11:00:58 GMT",qs:6.5.2,/src/src/main/resources/static/vendors/jquery-mask/package-lock.json?qs,"","","","",pkg:npm/qs@6.5.2,"",GHSA-hrpp-h998-j3pp,CWE-1321 Improperly Controlled Modification of Object Prototype Attributes ('Prototype Pollution'),"qs before 6.10.3 allows attackers to cause a Node process hang because an `__ proto__` key can be used. In many typical web framework use cases, an unauthenticated remote attacker can place the attack payload in the query string of the URL that is used to visit the application, such as `a[__proto__]=b&a[__proto__]&a[length]=100000000`. The fix was backported to qs 6.9.7, 6.8.3, 6.7.3, 6.6.1, 6.5.3, 6.4.1, 6.3.3, and 6.2.4.",NPM,"","","",HIGH,7.5,CVSS:3.1/AV:N/AC:L/PR:N/UI:N/S:U/C:N/I:N/A:H,HIGHEST,3,"","","","","","","",""
dependency-check scan: D:\github\tbo_task2\Java\spring-thymeleaf-crud-example,"Wed, 22 Nov 2023 11:00:58 GMT",request:2.88.0,/src/src/main/resources/static/vendors/jquery-mask/package-lock.json?request,"","","","",pkg:npm/request@2.88.0,"",CVE-2023-28155,CWE-918 Server-Side Request Forgery (SSRF),"The Request package through 2.88.1 for Node.js allows a bypass of SSRF mitigations via an attacker-controller server that does a cross-protocol redirect (HTTP to HTTPS, or HTTPS to HTTP). NOTE: This vulnerability only affects products that are no longer supported by the maintainer.",OSSINDEX,"","","",MEDIUM,6.1,CVSS:3.1/AV:N/AC:L/PR:N/UI:R/S:C/C:L/I:L/A:N,HIGHEST,3,"","","","","","","",""
dependency-check scan: D:\github\tbo_task2\Java\spring-thymeleaf-crud-example,"Wed, 22 Nov 2023 11:00:58 GMT",request:2.88.0,/src/src/main/resources/static/vendors/jquery-mask/package-lock.json?request,"","","","",pkg:npm/request@2.88.0,"",GHSA-p8p7-x288-28g6,CWE-918 Server-Side Request Forgery (SSRF),"The `request` package through 2.88.2 for Node.js and the `@cypress/request` package prior to 3.0.0 allow a bypass of SSRF mitigations via an attacker-controller server that does a cross-protocol redirect (HTTP to HTTPS, or HTTPS to HTTP).  NOTE: The `request` package is no longer supported by the maintainer.",NPM,"","","",MEDIUM,6.1,CVSS:3.1/AV:N/AC:L/PR:N/UI:R/S:C/C:L/I:L/A:N,HIGHEST,3,"","","","","","","",""
dependency-check scan: D:\github\tbo_task2\Java\spring-thymeleaf-crud-example,"Wed, 22 Nov 2023 11:00:58 GMT",semver:5.4.1,/src/src/main/resources/static/vendors/jquery-mask/package-lock.json?semver,"","","","",pkg:npm/semver@5.4.1,"",CVE-2022-25883,CWE-1333 Inefficient Regular Expression Complexity,"Versions of the package semver before 7.5.2 are vulnerable to Regular Expression Denial of Service (ReDoS) via the function new Range, when untrusted user data is provided as a range.  Sonatype's research suggests that this CVE's details differ from those defined at NVD. See https://ossindex.sonatype.org/vulnerability/CVE-2022-25883 for details",OSSINDEX,"","","",HIGH,7.5,CVSS:3.1/AV:N/AC:L/PR:N/UI:N/S:U/C:N/I:N/A:H,HIGHEST,3,"","","","","","","",""
dependency-check scan: D:\github\tbo_task2\Java\spring-thymeleaf-crud-example,"Wed, 22 Nov 2023 11:00:58 GMT",semver:5.4.1,/src/src/main/resources/static/vendors/jquery-mask/package-lock.json?semver,"","","","",pkg:npm/semver@5.4.1,"",GHSA-c2qf-rxjj-qqgw,CWE-1333 Inefficient Regular Expression Complexity,"Versions of the package semver before 7.5.2 on the 7.x branch, before 6.3.1 on the 6.x branch, and all other versions before 5.7.2 are vulnerable to Regular Expression Denial of Service (ReDoS) via the function new Range, when untrusted user data is provided as a range.",NPM,"","","",MEDIUM,5.3,CVSS:3.1/AV:N/AC:L/PR:N/UI:N/S:U/C:N/I:N/A:L,HIGHEST,3,"","","","","","","",""
dependency-check scan: D:\github\tbo_task2\Java\spring-thymeleaf-crud-example,"Wed, 22 Nov 2023 11:00:58 GMT",shelljs:0.3.0,/src/src/main/resources/static/vendors/jquery-mask/package-lock.json?shelljs,"","","","",pkg:npm/shelljs@0.3.0,"",CVE-2022-0144,CWE-269 Improper Privilege Management,shelljs is vulnerable to Improper Privilege Management,OSSINDEX,"","","",HIGH,7.1,CVSS:3.1/AV:L/AC:L/PR:L/UI:N/S:U/C:H/I:N/A:H,HIGHEST,3,"","","","","","","",""
dependency-check scan: D:\github\tbo_task2\Java\spring-thymeleaf-crud-example,"Wed, 22 Nov 2023 11:00:58 GMT",shelljs:0.3.0,/src/src/main/resources/static/vendors/jquery-mask/package-lock.json?shelljs,"","","","",pkg:npm/shelljs@0.3.0,"",GHSA-4rq4-32rv-6wp6,CWE-269 Improper Privilege Management,shelljs is vulnerable to Improper Privilege Management,NPM,"","","",HIGH,7.1,CVSS:3.0/AV:L/AC:L/PR:L/UI:N/S:U/C:H/I:N/A:H,HIGHEST,3,"","","","","","","",""
dependency-check scan: D:\github\tbo_task2\Java\spring-thymeleaf-crud-example,"Wed, 22 Nov 2023 11:00:58 GMT",shelljs:0.3.0,/src/src/main/resources/static/vendors/jquery-mask/package-lock.json?shelljs,"","","","",pkg:npm/shelljs@0.3.0,"",GHSA-64g7-mvw6-v9qj,CWE-269 Improper Privilege Management,"### Impact Output from the synchronous version of `shell.exec()` may be visible to other users on the same system. You may be affected if you execute `shell.exec()` in multi-user Mac, Linux, or WSL environments, or if you execute `shell.exec()` as the root user.  Other shelljs functions (including the asynchronous version of `shell.exec()`) are not impacted.  ### Patches Patched in shelljs 0.8.5  ### Workarounds Recommended action is to upgrade to 0.8.5.  ### References https://huntr.dev/bounties/50996581-c08e-4eed-a90e-c0bac082679c/  ### For more information If you have any questions or comments about this advisory: * Ask at https://github.com/shelljs/shelljs/issues/1058 * Open an issue at https://github.com/shelljs/shelljs/issues/new",NPM,"","","","","","",HIGHEST,3,"","","","","","","",""
dependency-check scan: D:\github\tbo_task2\Java\spring-thymeleaf-crud-example,"Wed, 22 Nov 2023 11:00:58 GMT",tough-cookie:2.4.3,/src/src/main/resources/static/vendors/jquery-mask/package-lock.json?tough-cookie,"","","","",pkg:npm/tough-cookie@2.4.3,"",CVE-2023-26136,CWE-1321 Improperly Controlled Modification of Object Prototype Attributes ('Prototype Pollution'),Versions of the package tough-cookie before 4.1.3 are vulnerable to Prototype Pollution due to improper handling of Cookies when using CookieJar in rejectPublicSuffixes=false mode. This issue arises from the manner in which the objects are initialized.,OSSINDEX,"","","",CRITICAL,9.8,CVSS:3.1/AV:N/AC:L/PR:N/UI:N/S:U/C:H/I:H/A:H,HIGHEST,3,"","","","","","","",""
dependency-check scan: D:\github\tbo_task2\Java\spring-thymeleaf-crud-example,"Wed, 22 Nov 2023 11:00:58 GMT",tough-cookie:2.4.3,/src/src/main/resources/static/vendors/jquery-mask/package-lock.json?tough-cookie,"","","","",pkg:npm/tough-cookie@2.4.3,"",GHSA-72xf-g2v4-qvf3,CWE-1321 Improperly Controlled Modification of Object Prototype Attributes ('Prototype Pollution'),Versions of the package tough-cookie before 4.1.3 are vulnerable to Prototype Pollution due to improper handling of Cookies when using CookieJar in `rejectPublicSuffixes=false` mode. This issue arises from the manner in which the objects are initialized.,NPM,"","","",MEDIUM,6.5,CVSS:3.1/AV:N/AC:L/PR:N/UI:N/S:U/C:L/I:L/A:N,HIGHEST,3,"","","","","","","",""
dependency-check scan: D:\github\tbo_task2\Java\spring-thymeleaf-crud-example,"Wed, 22 Nov 2023 11:00:58 GMT",trim-newlines:1.0.0,/src/src/main/resources/static/vendors/jquery-mask/package-lock.json?trim-newlines,"","","","",pkg:npm/trim-newlines@1.0.0,"",CVE-2021-33623,CWE-400 Uncontrolled Resource Consumption,The trim-newlines package before 3.0.1 and 4.x before 4.0.1 for Node.js has an issue related to regular expression denial-of-service (ReDoS) for the .end() method.,OSSINDEX,"","","",HIGH,7.5,CVSS:3.1/AV:N/AC:L/PR:N/UI:N/S:U/C:N/I:N/A:H,HIGHEST,3,"","","","","","","",""
dependency-check scan: D:\github\tbo_task2\Java\spring-thymeleaf-crud-example,"Wed, 22 Nov 2023 11:00:58 GMT",trim-newlines:1.0.0,/src/src/main/resources/static/vendors/jquery-mask/package-lock.json?trim-newlines,"","","","",pkg:npm/trim-newlines@1.0.0,"",GHSA-7p7h-4mm5-852v,CWE-400 Uncontrolled Resource Consumption,@rkesters/gnuplot is an easy to use node module to draw charts using gnuplot and ps2pdf. The trim-newlines package before 3.0.1 and 4.x before 4.0.1 for Node.js has an issue related to regular expression denial-of-service (ReDoS) for the `.end()` method.,NPM,"","","",HIGH,7.5,CVSS:3.1/AV:N/AC:L/PR:N/UI:N/S:U/C:N/I:N/A:H,HIGHEST,3,"","","","","","","",""
dependency-check scan: D:\github\tbo_task2\Java\spring-thymeleaf-crud-example,"Wed, 22 Nov 2023 11:00:58 GMT",ws:6.2.1,/src/src/main/resources/static/vendors/jquery-mask/package-lock.json?ws,"","","","",pkg:npm/ws@6.2.1,"",CVE-2021-32640,CWE-400 Uncontrolled Resource Consumption,"ws is an open source WebSocket client and server library for Node.js. A specially crafted value of the `Sec-Websocket-Protocol` header can be used to significantly slow down a ws server. The vulnerability has been fixed in ws@7.4.6 (https://github.com/websockets/ws/commit/00c425ec77993773d823f018f64a5c44e17023ff). In vulnerable versions of ws, the issue can be mitigated by reducing the maximum allowed length of the request headers using the [`--max-http-header-size=size`](https://nodejs.org/api/cli.html#cli_max_http_header_size_size) and/or the [`maxHeaderSize`](https://nodejs.org/api/http.html#http_http_createserver_options_requestlistener) options.",OSSINDEX,"","","",MEDIUM,5.3,CVSS:3.1/AV:N/AC:L/PR:N/UI:N/S:U/C:N/I:N/A:L,HIGHEST,3,"","","","","","","",""
dependency-check scan: D:\github\tbo_task2\Java\spring-thymeleaf-crud-example,"Wed, 22 Nov 2023 11:00:58 GMT",ws:6.2.1,/src/src/main/resources/static/vendors/jquery-mask/package-lock.json?ws,"","","","",pkg:npm/ws@6.2.1,"",GHSA-6fc8-4gx4-v693,"CWE-345 Insufficient Verification of Data Authenticity, CWE-400 Uncontrolled Resource Consumption","### Impact  A specially crafted value of the `Sec-Websocket-Protocol` header can be used to significantly slow down a ws server.  ### Proof of concept  ```js for (const length of [1000, 2000, 4000, 8000, 16000, 32000]) {   const value = 'b' + ' '.repeat(length) + 'x';   const start = process.hrtime.bigint();    value.trim().split(/ *, */);    const end = process.hrtime.bigint();    console.log('length = %d, time = %f ns', length, end - start); } ```  ### Patches  The vulnerability was fixed in ws@7.4.6 (https://github.com/websockets/ws/commit/00c425ec77993773d823f018f64a5c44e17023ff) and backported to ws@6.2.2 (https://github.com/websockets/ws/commit/78c676d2a1acefbc05292e9f7ea0a9457704bf1b) and ws@5.2.3 (https://github.com/websockets/ws/commit/76d47c1479002022a3e4357b3c9f0e23a68d4cd2).  ### Workarounds  In vulnerable versions of ws, the issue can be mitigated by reducing the maximum allowed length of the request headers using the [`--max-http-header-size=size`](https://nodejs.org/api/cli.html#cli_max_http_header_size_size) and/or the [`maxHeaderSize`](https://nodejs.org/api/http.html#http_http_createserver_options_requestlistener) options.  ### Credits  The vulnerability was responsibly disclosed along with a fix in private by [Robert McLaughlin](https://github.com/robmcl4) from University of California, Santa Barbara.",NPM,"","","",MEDIUM,5.3,CVSS:3.1/AV:N/AC:L/PR:N/UI:N/S:U/C:N/I:N/A:L,HIGHEST,3,"","","","","","","",""
